<?xml version="1.0"  ?><!DOCTYPE pmc-articleset PUBLIC "-//NLM//DTD ARTICLE SET 2.0//EN" "https://dtd.nlm.nih.gov/ncbi/pmc/articleset/nlm-articleset-2.0.dtd"><pmc-articleset><article xmlns:mml="http://www.w3.org/1998/Math/MathML" xmlns:ali="http://www.niso.org/schemas/ali/1.0/" article-type="case-report" xml:lang="en" dtd-version="1.4"><processing-meta base-tagset="archiving" mathml-version="3.0" table-model="xhtml" tagset-family="jats"><restricted-by>pmc</restricted-by></processing-meta><front><journal-meta><journal-id journal-id-type="nlm-ta">BMC Endocr Disord</journal-id><journal-id journal-id-type="iso-abbrev">BMC Endocr Disord</journal-id><journal-id journal-id-type="pmc-domain-id">27</journal-id><journal-id journal-id-type="pmc-domain">bmcendi</journal-id><journal-title-group><journal-title>BMC Endocrine Disorders</journal-title></journal-title-group><issn pub-type="epub">1472-6823</issn><publisher><publisher-name>BMC</publisher-name></publisher></journal-meta><article-meta><article-id pub-id-type="pmcid">PMC10103020</article-id><article-id pub-id-type="pmcid-ver">PMC10103020.2</article-id><article-id pub-id-type="pmcaid">10103020</article-id><article-id pub-id-type="pmcaiid">10103443</article-id><article-id pub-id-type="pmid">37060078</article-id><article-id pub-id-type="doi">10.1186/s12902-023-01339-w</article-id><article-id pub-id-type="publisher-id">1339</article-id><article-version article-version-type="pmc-version">2</article-version><article-categories><subj-group subj-group-type="heading"><subject>Case Report</subject></subj-group></article-categories><title-group><article-title>Empagliflozin-associated postoperative mixed metabolic acidosis. Case report and review of pathogenesis</article-title></title-group><contrib-group><contrib contrib-type="author" corresp="yes"><name name-style="western"><surname>Sitina</surname><given-names initials="M">Michal</given-names></name><address><email>sitinmic@gmail.com</email></address><xref ref-type="aff" rid="Aff1">1</xref><xref ref-type="aff" rid="Aff2">2</xref><xref ref-type="aff" rid="Aff3">3</xref></contrib><contrib contrib-type="author"><name name-style="western"><surname>Lukes</surname><given-names initials="M">Marek</given-names></name><xref ref-type="aff" rid="Aff1">1</xref><xref ref-type="aff" rid="Aff3">3</xref></contrib><contrib contrib-type="author"><name name-style="western"><surname>Sramek</surname><given-names initials="V">Vladimir</given-names></name><xref ref-type="aff" rid="Aff1">1</xref><xref ref-type="aff" rid="Aff3">3</xref></contrib><aff id="Aff1"><label>1</label><institution-wrap><institution-id institution-id-type="GRID">grid.412752.7</institution-id><institution-id institution-id-type="ISNI">0000 0004 0608 7557</institution-id><institution>Department of anesthesiology and intensive care medicine, </institution><institution>St. Anne&#180;s University Hospital, </institution></institution-wrap>Pekarska 664/53, Brno, 656 91 Czech Republic </aff><aff id="Aff2"><label>2</label><institution-wrap><institution-id institution-id-type="GRID">grid.412752.7</institution-id><institution-id institution-id-type="ISNI">0000 0004 0608 7557</institution-id><institution>Department of Biostatistics, International Clinical Research Center, </institution><institution>St. Anne&#180;s University Hospital, </institution></institution-wrap>Pekarska 664/53, Brno, 656 91 Czech Republic </aff><aff id="Aff3"><label>3</label><institution-wrap><institution-id institution-id-type="ROR">https://ror.org/02j46qs45</institution-id><institution-id institution-id-type="GRID">grid.10267.32</institution-id><institution-id institution-id-type="ISNI">0000 0001 2194 0956</institution-id><institution>Faculty of Medicine, </institution><institution>Masaryk University, </institution></institution-wrap>Kamenice 5, Brno, 625 00 Czech Republic </aff></contrib-group><pub-date pub-type="epub"><day>14</day><month>4</month><year>2023</year></pub-date><pub-date pub-type="collection"><year>2023</year></pub-date><volume>23</volume><issue-id pub-id-type="pmc-issue-id">425139</issue-id><elocation-id>81</elocation-id><history><date date-type="received"><day>24</day><month>11</month><year>2022</year></date><date date-type="accepted"><day>10</day><month>4</month><year>2023</year></date></history><pub-history><event event-type="pmc-release"><date><day>14</day><month>04</month><year>2023</year></date></event><event event-type="pmc-live"><date><day>15</day><month>04</month><year>2023</year></date></event><event event-type="pmc-last-change"><date iso-8601-date="2024-02-12 01:25:11.223"><day>12</day><month>02</month><year>2024</year></date></event><event event-type="pmc-version" specific-use="live"><article-id pub-id-type="pmcaiid">10103020</article-id><article-id pub-id-type="doi">10.1186/s12902-023-01339-w</article-id><article-version>1</article-version><pub-date><day>14</day><month>04</month><year>2023</year></pub-date></event><event event-type="pmc-version" specific-use="live"><article-id pub-id-type="pmcaiid">10103443</article-id><article-id pub-id-type="doi">10.1186/s12902-023-01339-w</article-id><article-version>2</article-version><pub-date><day>14</day><month>04</month><year>2023</year></pub-date></event></pub-history><permissions><copyright-statement>&#169; The Author(s) 2023, corrected publication 2023</copyright-statement><license><ali:license_ref specific-use="textmining" content-type="ccbylicense">https://creativecommons.org/licenses/by/4.0/</ali:license_ref><license-p><bold>Open Access</bold>This article is licensed under a Creative Commons Attribution 4.0 International License, which permits use, sharing, adaptation, distribution and reproduction in any medium or format, as long as you give appropriate credit to the original author(s) and the source, provide a link to the Creative Commons licence, and indicate if changes were made. The images or other third party material in this article are included in the article&#8217;s Creative Commons licence, unless indicated otherwise in a credit line to the material. If material is not included in the article&#8217;s Creative Commons licence and your intended use is not permitted by statutory regulation or exceeds the permitted use, you will need to obtain permission directly from the copyright holder. To view a copy of this licence, visit <ext-link xmlns:xlink="http://www.w3.org/1999/xlink" ext-link-type="uri" xlink:href="https://creativecommons.org/licenses/by/4.0/">http://creativecommons.org/licenses/by/4.0/</ext-link>. The Creative Commons Public Domain Dedication waiver (<ext-link xmlns:xlink="http://www.w3.org/1999/xlink" ext-link-type="uri" xlink:href="https://creativecommons.org/publicdomain/zero/1.0/">http://creativecommons.org/publicdomain/zero/1.0/</ext-link>) applies to the data made available in this article, unless otherwise stated in a credit line to the data.</license-p></license></permissions><self-uri xmlns:xlink="http://www.w3.org/1999/xlink" content-type="pmc-pdf" xlink:href="12902_2023_Article_1339.pdf"/><related-article xmlns:xlink="http://www.w3.org/1999/xlink" related-article-type="correction-forward" xml:lang="en" xlink:title="correction" journal-id="BMC Endocr Disord" journal-id-type="nlm-ta" ext-link-type="pmc" xlink:href="PMC10464289"><article-title>Correction: Empagliflozin-associated postoperative mixed metabolic acidosis. Case report and review of pathogenesis</article-title><volume>23</volume><date><day>28</day><month>8</month><year>2023</year></date><elocation-id>183</elocation-id><source>BMC Endocrine Disorders</source><pub-id pub-id-type="pmcid">PMC10464289</pub-id><pub-id pub-id-type="pmid">37641105</pub-id></related-article><abstract id="Abs1"><sec><title>Background</title><p id="Par1">Euglycemic diabetic ketoacidosis associated with SGLT2 inhibitors is a rare, relatively new and potentially fatal clinical entity, characterized by metabolic acidosis with normal or only moderately elevated glycemia. The mechanisms are not fully understood but involve increased ketogenesis and complex renal metabolic dysfunction, resulting in both ketoacidosis and hyperchloremic acidosis. We report a rare case of fatal empagliflozin-associated acidosis with profound hyperchloremia and review its pathogenesis.</p></sec><sec><title>Case presentation</title><p id="Par2">A patient with type 2 diabetes mellitus treated with empagliflozin underwent an elective hip replacement surgery. Since day 4 after surgery, he felt generally unwell, leading to cardiac arrest on the day 5. Empagliflozin-associated euglycemic diabetic ketoacidosis with severe hyperchloremic acidosis was identified as the cause of the cardiac arrest.</p></sec><sec><title>Conclusions</title><p id="Par3">This unique case documents the possibility of severe SGLT2 inhibitor-associated mixed metabolic acidosis with a predominant hyperchloremic component. Awareness of this possibility and a high index of suspicion are crucial for correct and early diagnosis.</p></sec></abstract><kwd-group xml:lang="en"><title>Keywords</title><kwd>Empagliflozin</kwd><kwd>SGLT2 inhibitor</kwd><kwd>Euglycemic ketoacidosis</kwd><kwd>Hyperchloremic acidosis</kwd><kwd>Case report</kwd></kwd-group><custom-meta-group><custom-meta><meta-name>pmc-status-qastatus</meta-name><meta-value>0</meta-value></custom-meta><custom-meta><meta-name>pmc-status-live</meta-name><meta-value>yes</meta-value></custom-meta><custom-meta><meta-name>pmc-status-embargo</meta-name><meta-value>no</meta-value></custom-meta><custom-meta><meta-name>pmc-status-released</meta-name><meta-value>yes</meta-value></custom-meta><custom-meta><meta-name>pmc-prop-open-access</meta-name><meta-value>yes</meta-value></custom-meta><custom-meta><meta-name>pmc-prop-olf</meta-name><meta-value>no</meta-value></custom-meta><custom-meta><meta-name>pmc-prop-manuscript</meta-name><meta-value>no</meta-value></custom-meta><custom-meta><meta-name>pmc-prop-legally-suppressed</meta-name><meta-value>no</meta-value></custom-meta><custom-meta><meta-name>pmc-prop-has-pdf</meta-name><meta-value>yes</meta-value></custom-meta><custom-meta><meta-name>pmc-prop-has-supplement</meta-name><meta-value>no</meta-value></custom-meta><custom-meta><meta-name>pmc-prop-pdf-only</meta-name><meta-value>no</meta-value></custom-meta><custom-meta><meta-name>pmc-prop-suppress-copyright</meta-name><meta-value>no</meta-value></custom-meta><custom-meta><meta-name>pmc-prop-is-real-version</meta-name><meta-value>no</meta-value></custom-meta><custom-meta><meta-name>pmc-prop-is-scanned-article</meta-name><meta-value>no</meta-value></custom-meta><custom-meta><meta-name>pmc-prop-preprint</meta-name><meta-value>no</meta-value></custom-meta><custom-meta><meta-name>pmc-prop-in-epmc</meta-name><meta-value>yes</meta-value></custom-meta><custom-meta><meta-name>pmc-license-ref</meta-name><meta-value>CC BY</meta-value></custom-meta><custom-meta><meta-name>issue-copyright-statement</meta-name><meta-value>&#169; BioMed Central Ltd., part of Springer Nature 2023</meta-value></custom-meta></custom-meta-group></article-meta></front><body><sec id="Sec1"><title>Background</title><p id="Par6">Sodium-Glucose Transport Protein 2 Inhibitors (SGLT2i), called gliflozins, were originally developed for the treatment of type 2 diabetes mellitus (T2DM). However, their impressive cardiovascular and renal protective properties were later discovered [<xref ref-type="bibr" rid="CR1">1</xref>&#8211;<xref ref-type="bibr" rid="CR4">4</xref>]. Today, they are indicated in patients with heart failure regardless of ejection fraction and in patients with chronic kidney disease regardless of the presence of diabetes, [<xref ref-type="bibr" rid="CR5">5</xref>&#8211;<xref ref-type="bibr" rid="CR7">7</xref>] making them widely used drugs.</p><p id="Par7">A rare but serious complication of SGLT2i use is euglycemic diabetic ketoacidosis [<xref ref-type="bibr" rid="CR8">8</xref>] (eDKA). As shown in recent large prospective randomized trials, [<xref ref-type="bibr" rid="CR9">9</xref>] its absolute risk is very low and does not outweigh the protective properties of SGLT2i when used properly. Safety has also been demonstrated in acute patients with COVID-19 [<xref ref-type="bibr" rid="CR10">10</xref>]. However, in rare individual cases, this complication can be life-threatening, with a fatality rate of up to 1.5% [<xref ref-type="bibr" rid="CR11">11</xref>].</p><p id="Par8">We report a case of fatal mixed metabolic acidosis following elective hip replacement surgery in a patient treated with SGLT2i empagliflozin. This case represents a unique demonstration of the significant differences between classic DKA and SGLT2i-related ketoacidosis, which are rarely described in detail in the literature. We also discuss the mechanisms by which even mild euglycemic ketoacidosis can lead to the development of life-threatening hyperchloremic acidosis. As the use of SGLT2i becomes more widespread, it is likely that physicians will increasingly encounter this novel presentation of acidosis, which is still poorly understood in the medical community.</p></sec><sec id="Sec2"><title>Case presentation</title><p id="Par9">A 61-year-old man with mild obesity, treated for T2DM with empagliflozin 10&#160;mg/d, metformin 2000&#160;mg/d and recently 12 units/day of long-acting insulin, underwent elective hip replacement surgery. Pre-operative assessment was unremarkable, with a low estimated risk of anesthesia (ASA 2). No oral antidiabetic agents were administered the evening before surgery. The surgery performed on day 1 (D1) was uneventful, as was the stay in the HDU. The administration of empagliflozin, metformin and insulin in chronic doses was resumed on D2. The patient was transferred to a ward on D3. On D4, the patient felt unwell and vomited once, but his condition improved after administration of metoclopramide. The attending physician revealed no remarkable findings. Blood gas analysis was not performed. On D5, the patient still felt unwell but without any specific complaints such as chest pain or dyspnea. Glycemia was below 10 mmol/l. In the evening, the patient vomited again. One hour later he suddenly collapsed due to cardiac arrest by ventricular fibrillation. CPR was started immediately, with ROSC after 35&#160;min. Post-arrest ECG and echocardiography suggested acute myocardial infarction. Immediate coronary angiography revealed several significant chronic coronary artery stenoses but no acute culprit lesion, consistent with only minimal troponin T elevations over the following days. The left ventricle ejection fraction was 30&#8211;35% and there were no echocardiography findings suggestive of pulmonary embolism. On admission to the ICU, the patient was anuric and required norepinephrine. He died on D8 due to severe post-hypoxic brain injury.</p><p id="Par10">On admission to the ICU one hour after CPR, a severe mixed metabolic acidosis was present with pH of 6.85 and base excess of -29 mmol/l (Table&#160;<xref rid="Tab1" ref-type="table">1</xref>). Lactate was only moderately elevated (5.8 mmol/l). An elevated beta-hydroxybutyrate concentration of 3.2 mmol/l. Corresponded to a mild ketoacidosis [<xref ref-type="bibr" rid="CR12">12</xref>]. Together with lactate and acetoacetate, whose concentration is about three times lower than that of beta-hydroxybutyrate, [<xref ref-type="bibr" rid="CR13">13</xref>] the total organic acid concentration was about 10 mmol/l. The anion gap was 18.1 mmol/l, i.e. 9.6 mmol/l higher than expected [<xref ref-type="bibr" rid="CR14">14</xref>]. Thus, the increase in the anion gap can be explained entirely by organic acids, with no other component. Subtracting this increase in anion gap still leaves a base excess of almost &#8722;&#8201;20 mmol/l, which must be explained by a non-anion gap hyperchloremic acidosis (admission Cl<sup>&#8722;</sup> was 117 mmol/l, see Table&#160;<xref rid="Tab1" ref-type="table">1</xref>). Overall, we found a mixed metabolic acidosis - lactic acidosis, ketoacidosis and hyperchloremic acidosis. We consider the lactic acidosis to be a consequence of cardiac arrest, but the other components of the acidosis, with base excess of -23 mmol/L after subtraction of the lactate, must have been present before CPR. We found no etiological explanation for the acidosis other than the SGLT2i-associated ketoacidosis. We hypothesize that SGLT2i gradually induced severe acidosis within 5 days of surgery, which triggered a malignant arrhythmia in the context of previously undiagnosed coronary artery disease. Here, we briefly review the pathogenesis of SGLT2i-associated acidosis and discuss some specific points of the presented case.</p><p id="Par13">
<table-wrap id="Tab1" position="float" orientation="portrait"><label>Table 1</label><caption><p>Temporal development of acid-base parameters and electrolytes</p></caption><table frame="hsides" rules="groups"><thead><tr><th align="left" colspan="1" rowspan="1"/><th align="left" colspan="1" rowspan="1"/><th align="left" colspan="1" rowspan="1"/><th align="left" colspan="1" rowspan="1"/><th align="left" colspan="1" rowspan="1"/><th align="left" colspan="1" rowspan="1"/><th align="left" colspan="5" rowspan="1">hours after CPR</th><th align="left" colspan="1" rowspan="1"/><th align="left" rowspan="2" colspan="1">Sampani et al. [<xref ref-type="bibr" rid="CR22">22</xref>]</th></tr><tr><th align="left" colspan="1" rowspan="1"/><th align="left" colspan="1" rowspan="1"/><th align="left" colspan="1" rowspan="1">day 0</th><th align="left" colspan="1" rowspan="1">day 2</th><th align="left" colspan="1" rowspan="1"/><th align="left" colspan="1" rowspan="1"/><th align="left" colspan="1" rowspan="1">1</th><th align="left" colspan="1" rowspan="1">4</th><th align="left" colspan="1" rowspan="1">8</th><th align="left" colspan="1" rowspan="1">22</th><th align="left" colspan="1" rowspan="1">32</th><th align="left" colspan="1" rowspan="1"/></tr></thead><tbody><tr><td align="left" colspan="1" rowspan="1">pH</td><td align="left" colspan="1" rowspan="1"/><td align="left" colspan="1" rowspan="1"/><td align="left" colspan="1" rowspan="1"/><td align="left" colspan="1" rowspan="1"/><td align="left" colspan="1" rowspan="1"/><td align="left" colspan="1" rowspan="1">6.85</td><td align="left" colspan="1" rowspan="1">6.82</td><td align="left" colspan="1" rowspan="1">6.94</td><td align="left" colspan="1" rowspan="1">7.27</td><td align="left" colspan="1" rowspan="1">7.26</td><td align="left" colspan="1" rowspan="1"/><td align="left" colspan="1" rowspan="1">7.05</td></tr><tr><td align="left" colspan="1" rowspan="1">pCO2</td><td align="left" colspan="1" rowspan="1">kPa</td><td align="left" colspan="1" rowspan="1"/><td align="left" colspan="1" rowspan="1"/><td align="left" colspan="1" rowspan="1"/><td align="left" colspan="1" rowspan="1"/><td align="left" colspan="1" rowspan="1">2.97</td><td align="left" colspan="1" rowspan="1">8.27</td><td align="left" colspan="1" rowspan="1">5.9</td><td align="left" colspan="1" rowspan="1">3.56</td><td align="left" colspan="1" rowspan="1">3.23</td><td align="left" colspan="1" rowspan="1"/><td align="left" colspan="1" rowspan="1">1.58</td></tr><tr><td align="left" colspan="1" rowspan="1">pO2</td><td align="left" colspan="1" rowspan="1">kPa</td><td align="left" colspan="1" rowspan="1"/><td align="left" colspan="1" rowspan="1"/><td align="left" colspan="1" rowspan="1"/><td align="left" colspan="1" rowspan="1"/><td align="left" colspan="1" rowspan="1">11.7</td><td align="left" colspan="1" rowspan="1">10.6</td><td align="left" colspan="1" rowspan="1">10</td><td align="left" colspan="1" rowspan="1">15.8</td><td align="left" colspan="1" rowspan="1">16.1</td><td align="left" colspan="1" rowspan="1"/><td align="left" colspan="1" rowspan="1"/></tr><tr><td align="left" colspan="1" rowspan="1">Base excess</td><td align="left" colspan="1" rowspan="1">mmol/l</td><td align="left" colspan="1" rowspan="1"/><td align="left" colspan="1" rowspan="1"/><td align="left" colspan="1" rowspan="1"/><td align="left" colspan="1" rowspan="1"/><td align="left" colspan="1" rowspan="1">-29</td><td align="left" colspan="1" rowspan="1">-24</td><td align="left" colspan="1" rowspan="1">-22</td><td align="left" colspan="1" rowspan="1">-13</td><td align="left" colspan="1" rowspan="1">-15</td><td align="left" colspan="1" rowspan="1"/><td align="left" colspan="1" rowspan="1"/></tr><tr><td align="left" colspan="1" rowspan="1">Bicarbonate</td><td align="left" colspan="1" rowspan="1">mmol/l</td><td align="left" colspan="1" rowspan="1"/><td align="left" colspan="1" rowspan="1"/><td align="left" colspan="1" rowspan="1"/><td align="left" colspan="1" rowspan="1"/><td align="left" colspan="1" rowspan="1">5.9</td><td align="left" colspan="1" rowspan="1">7.7</td><td align="left" colspan="1" rowspan="1">9</td><td align="left" colspan="1" rowspan="1">14.4</td><td align="left" colspan="1" rowspan="1">13.4</td><td align="left" colspan="1" rowspan="1"/><td align="left" colspan="1" rowspan="1">3</td></tr><tr><td align="left" colspan="1" rowspan="1">Lactate</td><td align="left" colspan="1" rowspan="1">mmol/l</td><td align="left" colspan="1" rowspan="1"/><td align="left" colspan="1" rowspan="1"/><td align="left" colspan="1" rowspan="1"/><td align="left" colspan="1" rowspan="1"/><td align="left" colspan="1" rowspan="1">5.8</td><td align="left" colspan="1" rowspan="1">3.1</td><td align="left" colspan="1" rowspan="1">2.3</td><td align="left" colspan="1" rowspan="1">1.4</td><td align="left" colspan="1" rowspan="1">1.4</td><td align="left" colspan="1" rowspan="1"/><td align="left" colspan="1" rowspan="1">0.6</td></tr><tr><td align="left" colspan="1" rowspan="1">Beta-hydroxybutyrate</td><td align="left" colspan="1" rowspan="1">mmol/l</td><td align="left" colspan="1" rowspan="1"/><td align="left" colspan="1" rowspan="1"/><td align="left" colspan="1" rowspan="1"/><td align="left" colspan="1" rowspan="1"/><td align="left" colspan="1" rowspan="1">3.2</td><td align="left" colspan="1" rowspan="1"/><td align="left" colspan="1" rowspan="1"/><td align="left" colspan="1" rowspan="1"/><td align="left" colspan="1" rowspan="1">0.3</td><td align="left" colspan="1" rowspan="1"/><td align="left" colspan="1" rowspan="1"/></tr><tr><td align="left" colspan="1" rowspan="1">Sodium</td><td align="left" colspan="1" rowspan="1">mmol/l</td><td align="left" colspan="1" rowspan="1">137</td><td align="left" colspan="1" rowspan="1">139</td><td align="left" colspan="1" rowspan="1"/><td align="left" colspan="1" rowspan="1"/><td align="left" colspan="1" rowspan="1">141</td><td align="left" colspan="1" rowspan="1">140</td><td align="left" colspan="1" rowspan="1">137</td><td align="left" colspan="1" rowspan="1">141</td><td align="left" colspan="1" rowspan="1">142</td><td align="left" colspan="1" rowspan="1"/><td align="left" colspan="1" rowspan="1">133</td></tr><tr><td align="left" colspan="1" rowspan="1">Potassium</td><td align="left" colspan="1" rowspan="1">mmol/l</td><td align="left" colspan="1" rowspan="1">4.2</td><td align="left" colspan="1" rowspan="1">4.7</td><td align="left" colspan="1" rowspan="1"/><td align="left" colspan="1" rowspan="1"/><td align="left" colspan="1" rowspan="1">4.6</td><td align="left" colspan="1" rowspan="1">5</td><td align="left" colspan="1" rowspan="1">4.7</td><td align="left" colspan="1" rowspan="1">3.7</td><td align="left" colspan="1" rowspan="1">4.2</td><td align="left" colspan="1" rowspan="1"/><td align="left" colspan="1" rowspan="1">3.8</td></tr><tr><td align="left" colspan="1" rowspan="1">Chloride</td><td align="left" colspan="1" rowspan="1">mmol/l</td><td align="left" colspan="1" rowspan="1">103</td><td align="left" colspan="1" rowspan="1">108</td><td align="left" colspan="1" rowspan="1"/><td align="left" colspan="1" rowspan="1"/><td align="left" colspan="1" rowspan="1">117</td><td align="left" colspan="1" rowspan="1">113</td><td align="left" colspan="1" rowspan="1">112</td><td align="left" colspan="1" rowspan="1">115</td><td align="left" colspan="1" rowspan="1">119</td><td align="left" colspan="1" rowspan="1"/><td align="left" colspan="1" rowspan="1">113</td></tr><tr><td align="left" colspan="1" rowspan="1">Anion gap</td><td align="left" colspan="1" rowspan="1">mmol/l</td><td align="left" colspan="1" rowspan="1"/><td align="left" colspan="1" rowspan="1"/><td align="left" colspan="1" rowspan="1"/><td align="left" colspan="1" rowspan="1"/><td align="left" colspan="1" rowspan="1">18.1</td><td align="left" colspan="1" rowspan="1">19.3</td><td align="left" colspan="1" rowspan="1">16</td><td align="left" colspan="1" rowspan="1">11.6</td><td align="left" colspan="1" rowspan="1">9.6</td><td align="left" colspan="1" rowspan="1"/><td align="left" colspan="1" rowspan="1">16.9</td></tr><tr><td align="left" colspan="1" rowspan="1">Glucose</td><td align="left" colspan="1" rowspan="1">mmol/l</td><td align="left" colspan="1" rowspan="1">9.2</td><td align="left" colspan="1" rowspan="1">15.6</td><td align="left" colspan="1" rowspan="1"/><td align="left" colspan="1" rowspan="1"/><td align="left" colspan="1" rowspan="1">14.5</td><td align="left" colspan="1" rowspan="1">20.2</td><td align="left" colspan="1" rowspan="1">26</td><td align="left" colspan="1" rowspan="1">12.4</td><td align="left" colspan="1" rowspan="1">9.3</td><td align="left" colspan="1" rowspan="1"/><td align="left" colspan="1" rowspan="1">6.7</td></tr><tr><td align="left" colspan="1" rowspan="1">Haemoglobin</td><td align="left" colspan="1" rowspan="1">g/l</td><td align="left" colspan="1" rowspan="1">143</td><td align="left" colspan="1" rowspan="1">125</td><td align="left" colspan="1" rowspan="1"/><td align="left" colspan="1" rowspan="1"/><td align="left" colspan="1" rowspan="1">133</td><td align="left" colspan="1" rowspan="1">124</td><td align="left" colspan="1" rowspan="1">134</td><td align="left" colspan="1" rowspan="1">113</td><td align="left" colspan="1" rowspan="1">116</td><td align="left" colspan="1" rowspan="1"/><td align="left" colspan="1" rowspan="1"/></tr><tr><td align="left" colspan="1" rowspan="1">Urea</td><td align="left" colspan="1" rowspan="1">mmol/l</td><td align="left" colspan="1" rowspan="1">4</td><td align="left" colspan="1" rowspan="1">7</td><td align="left" colspan="1" rowspan="1"/><td align="left" colspan="1" rowspan="1"/><td align="left" colspan="1" rowspan="1"/><td align="left" colspan="1" rowspan="1"/><td align="left" colspan="1" rowspan="1">11</td><td align="left" colspan="1" rowspan="1"/><td align="left" colspan="1" rowspan="1">17</td><td align="left" colspan="1" rowspan="1"/><td align="left" colspan="1" rowspan="1"/></tr><tr><td align="left" colspan="1" rowspan="1">Creatinine</td><td align="left" colspan="1" rowspan="1">&#181;mol/l</td><td align="left" colspan="1" rowspan="1">45</td><td align="left" colspan="1" rowspan="1">92</td><td align="left" colspan="1" rowspan="1"/><td align="left" colspan="1" rowspan="1"/><td align="left" colspan="1" rowspan="1"/><td align="left" colspan="1" rowspan="1"/><td align="left" colspan="1" rowspan="1">168</td><td align="left" colspan="1" rowspan="1"/><td align="left" colspan="1" rowspan="1">343</td><td align="left" colspan="1" rowspan="1"/><td align="left" colspan="1" rowspan="1"/></tr></tbody></table><table-wrap-foot><p>Normal value of beta-hydroxybutyrate is under 0.5 mmol/l</p><p>With the albumin concentration of 35&#160;g/l, the expected normal anion gap is 8.5 mmol/l [<xref ref-type="bibr" rid="CR14">14</xref>].</p></table-wrap-foot></table-wrap>
</p></sec><sec id="Sec3"><title>Discussion and conclusions</title><p id="Par14">SGLT2i block the SGLT2 co-transporter of sodium and glucose in the proximal tubule of the kidney, thereby reducing glucose reabsorption [<xref ref-type="bibr" rid="CR15">15</xref>]. This seemingly simple mechanism of action results in a new, somewhat unstable metabolic equilibrium with increased ketone bodies formation and their renal elimination [<xref ref-type="bibr" rid="CR16">16</xref>]. Precipitating factors such as surgery, acute illness, starvation or insulin deficiency can trigger highly complex metabolic and renal processes that can result in life-threatening metabolic acidosis (Fig.&#160;<xref rid="Fig1" ref-type="fig">1</xref>). Among the most important are increased ketogenesis, decreased renal ammoniogenesis and H<sup>+</sup> excretion, and decreased renal reabsorption of filtered ketones. As documented by our case, the term euglycemic ketoacidosis is somewhat misleading, as the major component of the acidosis may be hyperchloremic.</p><sec id="Sec4"><title>Increased ketogenesis</title><p id="Par15">SGLT2i lowers blood glucose, leading to decreased insulin secretion and increased glucagon secretion [<xref ref-type="bibr" rid="CR15">15</xref>]. Similar to starvation, [<xref ref-type="bibr" rid="CR17">17</xref>] a low insulin-to-glucagon ratio stimulates lipolysis in adipocytes and ketone bodies formation and gluconeogenesis in the liver [<xref ref-type="bibr" rid="CR15">15</xref>, <xref ref-type="bibr" rid="CR18">18</xref>]. However, concomitant stress related precipitants, some form of insulin deficiency or reduced caloric intake are required to promote ketogenesis [<xref ref-type="bibr" rid="CR18">18</xref>&#8211;<xref ref-type="bibr" rid="CR20">20</xref>]. The two-hit hypothesis proposes that elevated stress-related hormones glucagon, cortisol and catecholamines stimulate ketogenesis in the setting of relative insulin deficiency due to low plasma glucose induced by SGLT2i [<xref ref-type="bibr" rid="CR18">18</xref>].</p></sec><sec id="Sec5"><title>Metabolic renal dysfunction</title><p id="Par16">In the classic DKA, most of the acidosis can typically be explained by pure ketoacidosis with high anion gap [<xref ref-type="bibr" rid="CR13">13</xref>]. However, hyperchloremia may develop and even predominate in some patients later in the course of DKA, due to urinary loss of ketones and the treatment with normal saline [<xref ref-type="bibr" rid="CR13">13</xref>, <xref ref-type="bibr" rid="CR21">21</xref>]. In contrast, patients with equally severe SGLT2i-associated acidosis had a markedly lower anion gap [<xref ref-type="bibr" rid="CR19">19</xref>]. Beta-hydroxybutyrate concentration varied substantially in several published cases. In our case, the anion gap was only 18 and the beta-hydroxybutyrate 3.2 mmol/l, despite pH of 6.85 and base excess &#8722;&#8201;29. Sampani [<xref ref-type="bibr" rid="CR22">22</xref>] reported a similar case with only a slightly elevated anion gap despite very low pH (Table&#160;<xref rid="Tab1" ref-type="table">1</xref>). Compared with DKA, a concomitant metabolic renal dysfunction and slower development of ketosis modify the development of acidosis and enhance the hyperchloremic component. The main renal abnormalities associated with SGLT2i are impaired H<sup>+</sup> secretion in the proximal tubule, impaired ammoniogenesis and loss of ketoacid salts in the urine.</p><p id="Par17">Impaired H<sup>+</sup> secretion results from the concomitant inhibition of the H<sup>+</sup>/Na<sup>+</sup> exchanger (NHE3) in the proximal tubule by SGLT2i [<xref ref-type="bibr" rid="CR23">23</xref>]. Impaired ammoniogenesis is more complex and is related to excess ATP in tubular cells [<xref ref-type="bibr" rid="CR16">16</xref>]. Blockade of both SGLT2 and NHE3 reduces the sodium load in the proximal tubule, resulting in reduced ATP consumption by the Na/K-ATPase [<xref ref-type="bibr" rid="CR16">16</xref>]. In addition, both the fatty acids produced by lipolysis and the ketone bodies filtered in the glomeruli are utilized by renal tubular cells, increasing cellular ATP levels [<xref ref-type="bibr" rid="CR24">24</xref>].</p><p id="Par18">Since ammonia is the main buffer within the renal tubules, impaired ammoniogenesis hinders further secretion of H<sup>+</sup> [<xref ref-type="bibr" rid="CR25">25</xref>]. Finally, the loss of sodium or potassium salts of ketoacids in the urine is equivalent to an indirect loss of bicarbonate, resulting in the normal anion gap acidosis. This is because a molecule of NaHCO3<sup>&#8722;</sup> has been consumed in the formation of ketonate<xref ref-type="fn" rid="Fn3">3</xref> from the ketoacid [<xref ref-type="bibr" rid="CR16">16</xref>]. Interestingly, the less impaired ammoniogenesis in the classical DKA [<xref ref-type="bibr" rid="CR26">26</xref>] allows the excretion of unresorbed ketones in the form of ammonium salts, avoiding any acid-base effects. It should be noted that in the early stages of ketosis, e.g. during the first 4 days of fasting, renal resorption of ketones is saturated at plasma beta-hydroxybutyrate levels of around 2 mmol/l [<xref ref-type="bibr" rid="CR27">27</xref>].</p><p id="Par20">In short, relative hypoglycemia and stress lead to a decrease in insulin levels and an increase in counterregulatory hormones, resulting in relative insulin deficiency and stimulation of ketogenesis. At the same time, SGLT2i, ketones and fatty acids impair renal H<sup>+</sup> excretion and ammoniogenesis. Ketones are lost from the kidneys as sodium salts, leading to hyperchloremic acidosis.</p><p id="Par21">
<fig id="Fig1" position="float" orientation="portrait"><label>Fig. 1</label><caption><p>Pathogenesis of SGLT2 inhibitor&#8211;associated acidosis</p></caption><graphic xmlns:xlink="http://www.w3.org/1999/xlink" id="d32e808" position="float" orientation="portrait" xlink:href="12902_2023_1339_Fig1_HTML.jpg"/></fig>
</p></sec><sec id="Sec6"><title>Pathophysiological considerations of the reported case</title><p id="Par22">In our patient, several precipitating factors were present: the major surgery, postoperative fasting and presumably impaired insulin secretion, suggested by the recent addition of insulin to the medication. In addition, the nurses described the patient as very anxious, which may have contributed to increased ketogenesis. In the study of Kubera, [<xref ref-type="bibr" rid="CR28">28</xref>] even simple psychosocial stress increased the beta-hydroxybutyrate level fourfold.</p><p id="Par23">Rather low level of ketones corresponded to mild DKA [<xref ref-type="bibr" rid="CR12">12</xref>]. Hyperchloremic acidosis could alternatively be explained by renal tubular acidosis with direct loss of bicarbonate. However, we have found only 3 published cases of severe proximal tubule disorder, Fanconi syndrome, during SGLT2i treatment that presented with renal tubular acidosis with rather low anion gap, [<xref ref-type="bibr" rid="CR29">29</xref>&#8211;<xref ref-type="bibr" rid="CR31">31</xref>] but all with elevated ketone levels. Due to the anuria of our patient, we could not perform a urine test to refine the diagnosis.</p><p id="Par24">Let us try to assess whether the renal loss of ketones at such a low beta-hydroxybutyrate concentration (3.2 mmol/l) could really have led to such a profound hyperchloremic acidosis within 4 days of surgery. Assume that complete renal resorption of ketones occurs up to the plasma beta-hydroxybutyrate concentration of 2 mmol/l [<xref ref-type="bibr" rid="CR27">27</xref>]. Correspondingly, the maximum resorption is 300 mmol/day with a normal glomerular filtration rate of 150&#160;l/day [<xref ref-type="bibr" rid="CR25">25</xref>]. Thus, at a concentration of 3.2 mmol/l, up to approximately 150 mmol of beta-hydroxybutyrate or up to 200 mmol of ketoacids including acetoacetate could be lost per day. If ketones were excreted only as sodium or potassium salts due to impaired ammoniogenesis, up to 200 mmol/day or 800 mmol in 4 days of bicarbonate could be lost indirectly. As shown in Table&#160;<xref rid="Tab1" ref-type="table">1</xref>, after correction for increased lactate, the deficit of bicarbonate was approximately 15 mmol/l, corresponding to 200 mmol in 15&#160;l of extracellular fluid, which is far from the theoretically possible 800 mmol, even when intracellular titration is taken into account. Thus, the renal loss of ketones is sufficient to explain the severity of the hyperchloremic acidosis. Note that the patient had already been admitted to the ICU with severe hyperchloremic acidosis without prior treatment with normal saline.</p><p id="Par25">In conclusion, we report a rare case of severe SGLT2i-associated acidosis in the perioperative period in which a rather mild ketoacidosis led to a profound hyperchloremic acidosis. Early diagnosis is of paramount importance for a good patient prognosis. A high index of suspicion is required due to the non-specific symptoms and low glycaemia. According to FDA recommendations, [<xref ref-type="bibr" rid="CR8">8</xref>] SGLT2i should be discontinued at least 3 days before elective surgery, considering that the elimination half-time is about 12&#160;h and the pharmacodynamic effects may last for several days [<xref ref-type="bibr" rid="CR32">32</xref>]. This recommendation was not followed in our case, as empagliflozin was continued until the day before surgery. Similarly, consensus guidelines recommend avoiding the use of SGLT2i in case of severe illness and in most cases in-hospital. However, because of the beneficial effects of SGLT2i and the low incidence of eDKA, this widespread policy of discontinuing gliflozin has recently been questioned [<xref ref-type="bibr" rid="CR33">33</xref>]. However, our case tends to support the appropriateness of this policy.</p></sec></sec></body><back><fn-group><fn id="Fn3"><label>3</label><p id="Par19"> A ketonate is an anion derived from ketoacid.</p></fn><fn><p>The original version of this article was revised: &#8220;The funding section has been updated.&#8221;</p></fn><fn><p><bold>Publisher&#8217;s Note</bold></p><p>Springer Nature remains neutral with regard to jurisdictional claims in published maps and institutional affiliations.</p></fn><fn><p><bold>Change history</bold></p><p>8/28/2023</p><p>A Correction to this paper has been published: 10.1186/s12902-023-01436-w</p></fn></fn-group><ack><title>Acknowledgements</title><p>Not applicable.</p></ack><notes notes-type="author-contribution"><title>Authors&#8217; contributions</title><p>MS analyzed the case in depth and wrote the initial manuscript. ML and VS contributed to the analysis of the case with many comments and critically reviewed the manuscript. All authors read and approved the final manuscript.</p></notes><notes notes-type="funding-information"><title>Funding</title><p>The study was supported by the European Regional Development Fund &#8211; Project ENOCH (No. CZ.02.1.01/0.0/0.0/16_019/0000868).</p></notes><notes notes-type="data-availability"><title>Data Availability</title><p>Analyses of all data performed during the preparation of the case report are included in this manuscript.</p></notes><notes><title>Declarations</title><notes id="FPar2"><title>Ethics approval and consent to participate</title><p id="Par571">The ethics approval and consent to participate are not applicable.</p></notes><notes id="FPar3"><title>Consent for publication</title><p id="Par581">The authors declare to have the written informed consent of the wife of the patient involved in the reported case to prepare and publish the case report. The patient himself could not give his consent for obvious reasons.</p></notes><notes id="FPar4" notes-type="COI-statement"><title>Competing interests</title><p id="Par591">The authors declare that they have no conflicts of interest.</p></notes></notes><glossary><title>Abbreviations</title><def-list><def-item><term>ASA</term><def><p id="Par201">American Society of Anesthesiologists</p></def></def-item><def-item><term>ATP</term><def><p id="Par202">Adenosine triphosphate</p></def></def-item><def-item><term>CPR</term><def><p id="Par203">Cardiopulmonary resuscitation</p></def></def-item><def-item><term>D1</term><def><p id="Par204">Day 1</p></def></def-item><def-item><term>DKA</term><def><p id="Par2012">Diabetic ketoacidosis</p></def></def-item><def-item><term>eDKA</term><def><p id="Par205">Euglycemic diabetic ketoacidosis</p></def></def-item><def-item><term>ECG</term><def><p id="Par206">Electrocardiography</p></def></def-item><def-item><term>FDA</term><def><p id="Par207">Food and Drug Administration</p></def></def-item><def-item><term>HDU</term><def><p id="Par208">High-dependency unit</p></def></def-item><def-item><term>ICU</term><def><p id="Par209">Intensive care unit</p></def></def-item><def-item><term>NHE3</term><def><p id="Par210">Proximal H<sup>+</sup>/Na<sup>+</sup> exchanger</p></def></def-item><def-item><term>pCO<sub>2</sub></term><def><p id="Par211">Partial pressure of carbon dioxide</p></def></def-item><def-item><term>ROSC</term><def><p id="Par212">Return of spontaneous circulation</p></def></def-item><def-item><term>SGLT2</term><def><p id="Par213">Sodium-Glucose Transport Protein 2</p></def></def-item><def-item><term>SGLT2i</term><def><p id="Par214">Sodium-Glucose Transport Protein 2 Inhibitors</p></def></def-item><def-item><term>T2DM</term><def><p id="Par215">Type 2 diabetes mellitus</p></def></def-item></def-list></glossary><ref-list id="Bib1"><title>References</title><ref id="CR1"><label>1.</label><mixed-citation publication-type="other">Braunwald E. Gliflozins in the management of Cardiovascular Disease. N Engl J Med. 2022 May;26(21):2024&#8211;34.<pub-id pub-id-type="doi" assigning-authority="pmc">10.1056/NEJMra2115011</pub-id><pub-id pub-id-type="pmid">35613023</pub-id></mixed-citation></ref><ref id="CR2"><label>2.</label><mixed-citation publication-type="other">Vaduganathan M, Docherty KF, Claggett BL, Jhund PS, de Boer RA, et al. SGLT-2 inhibitors in patients with heart failure: a comprehensive meta-analysis of five randomised controlled trials. Lancet. 2022 Sep;400(3):757&#8211;67.<pub-id pub-id-type="doi" assigning-authority="pmc">10.1016/S0140-6736(22)01429-5</pub-id><pub-id pub-id-type="pmid">36041474</pub-id></mixed-citation></ref><ref id="CR3"><label>3.</label><mixed-citation publication-type="other">Perkovic V, Jardine MJ, Neal B, Bompoint S, Heerspink HJL, et al. CREDENCE trial investigators. Canagliflozin and renal outcomes in type 2 diabetes and nephropathy. N Engl J Med. 2019 Jun;13(24):2295&#8211;306.<pub-id pub-id-type="doi" assigning-authority="pmc">10.1056/NEJMoa1811744</pub-id><pub-id pub-id-type="pmid">30990260</pub-id></mixed-citation></ref><ref id="CR4"><label>4.</label><mixed-citation publication-type="other">Heerspink HJL, Stef&#225;nsson BV, Correa-Rotter R, Chertow GM, Greene T, et al. DAPA-CKD trial committees and investigators. Dapagliflozin in patients with chronic kidney disease. N Engl J Med. 2020 Oct;8(15):1436&#8211;46.<pub-id pub-id-type="doi" assigning-authority="pmc">10.1056/NEJMoa2024816</pub-id><pub-id pub-id-type="pmid">32970396</pub-id></mixed-citation></ref><ref id="CR5"><label>5.</label><mixed-citation publication-type="other">Belkin MN, Cifu AS, Pinney S. Management of Heart Failure. JAMA. 2022 Oct4;328(13):1346&#8211;1347.<pub-id pub-id-type="doi" assigning-authority="pmc">10.1001/jama.2022.16667</pub-id><pub-id pub-id-type="pmid">36107415</pub-id></mixed-citation></ref><ref id="CR6"><label>6.</label><mixed-citation publication-type="other">de Boer IH, Caramori ML, Chan JCN, Heerspink HJL, Hurst C et al. Executive summary of the 2020 KDIGO Diabetes Management in CKD Guideline: evidence-based advances in monitoring and treatment. Kidney Int. 2020Oct;98(4):839&#8211;848.<pub-id pub-id-type="doi" assigning-authority="pmc">10.1016/j.kint.2020.06.024</pub-id><pub-id pub-id-type="pmid">32653403</pub-id></mixed-citation></ref><ref id="CR7"><label>7.</label><mixed-citation publication-type="other">McDonagh TA, Metra M, Adamo M, Gardner RS, Baumbach A, ESC Scientific Document Group, et al. 2021 ESC Guidelines for the diagnosis and treatment of acute and chronic heart failure. Eur Heart J. 2021 Sep;21(36):3599&#8211;726.<pub-id pub-id-type="doi" assigning-authority="pmc">10.1093/eurheartj/ehab368</pub-id><pub-id pub-id-type="pmid">34447992</pub-id></mixed-citation></ref><ref id="CR8"><label>8.</label><mixed-citation publication-type="other">FDA approves label changes. to SGLT2 inhibitors regarding temporary discontinuation of medication before scheduled surgery. <ext-link xmlns:xlink="http://www.w3.org/1999/xlink" ext-link-type="uri" xlink:href="https://www.fda.gov/drugs/drug-safety-and-availability/fda-revises-labels-sglt2-inhibitors-diabetes-include-warnings-about-too-much-acid-blood-and-serious">https://www.fda.gov/drugs/drug-safety-and-availability/fda-revises-labels-sglt2-inhibitors-diabetes-include-warnings-about-too-much-acid-blood-and-serious</ext-link>. Accessed March 23, 2020</mixed-citation></ref><ref id="CR9"><label>9.</label><mixed-citation publication-type="other">Koufakis T, Mustafa OG, Ajjan RA, Garcia-Moll X, Zebekakis P, et al. From Skepticism to Hope: the Evolving Concept of the initiation and use of sodium-glucose cotransporter 2 inhibitors in hospitalized patients. Drugs. 2022 Jun;82(9):949&#8211;55.<pub-id pub-id-type="doi" assigning-authority="pmc">10.1007/s40265-022-01730-2</pub-id><pub-id pub-id-type="pmcid">PMC9178534</pub-id><pub-id pub-id-type="pmid">35678922</pub-id></mixed-citation></ref><ref id="CR10"><label>10.</label><mixed-citation publication-type="other">Kosiborod MN, Esterline R, Furtado RHM, Oscarsson J, Gasparyan SB, et al. Dapagliflozin in patients with cardiometabolic risk factors hospitalised with COVID-19 (DARE-19): a randomised, double-blind, placebo-controlled, phase 3 trial. Lancet Diabetes Endocrinol. 2021 Sep;9(9):586&#8211;94.<pub-id pub-id-type="doi" assigning-authority="pmc">10.1016/S2213-8587(21)00180-7</pub-id><pub-id pub-id-type="pmcid">PMC8294807</pub-id><pub-id pub-id-type="pmid">34302745</pub-id></mixed-citation></ref><ref id="CR11"><label>11.</label><element-citation publication-type="journal"><person-group person-group-type="author"><name name-style="western"><surname>Fadini</surname><given-names>GP</given-names></name><name name-style="western"><surname>Bonora</surname><given-names>BM</given-names></name><name name-style="western"><surname>Avogaro</surname><given-names>A</given-names></name></person-group><article-title>SGLT2 inhibitors and diabetic ketoacidosis: data from the FDA adverse event reporting system</article-title><source>Diabetologia</source><year>2017</year><volume>60</volume><fpage>1385</fpage><lpage>9</lpage><pub-id pub-id-type="doi">10.1007/s00125-017-4301-8</pub-id><pub-id pub-id-type="pmid">28500396</pub-id></element-citation></ref><ref id="CR12"><label>12.</label><element-citation publication-type="journal"><person-group person-group-type="author"><name name-style="western"><surname>Charoenpiriya</surname><given-names>A</given-names></name><name name-style="western"><surname>Chailurkit</surname><given-names>L</given-names></name><name name-style="western"><surname>Ongphiphadhanakul</surname><given-names>B</given-names></name></person-group><article-title>Comparisons of biochemical parameters and diabetic ketoacidosis severity in adult patients with type 1 and type 2 diabetes</article-title><source>BMC Endocr Disord</source><year>2022</year><volume>22</volume><fpage>7</fpage><pub-id pub-id-type="doi">10.1186/s12902-021-00922-3</pub-id><pub-id pub-id-type="pmid">34986830</pub-id><pub-id pub-id-type="pmcid">PMC8734272</pub-id></element-citation></ref><ref id="CR13"><label>13.</label><element-citation publication-type="journal"><person-group person-group-type="author"><name name-style="western"><surname>Oh</surname><given-names>MS</given-names></name><name name-style="western"><surname>Banerji</surname><given-names>MA</given-names></name><name name-style="western"><surname>Carroll</surname><given-names>HJ</given-names></name></person-group><article-title>The mechanism of hyperchloremic acidosis during the recovery phase of diabetic ketoacidosis</article-title><source>Diabetes</source><year>1981</year><volume>30</volume><fpage>310</fpage><lpage>3</lpage><pub-id pub-id-type="doi">10.2337/diab.30.4.310</pub-id><pub-id pub-id-type="pmid">6781960</pub-id></element-citation></ref><ref id="CR14"><label>14.</label><element-citation publication-type="journal"><person-group person-group-type="author"><name name-style="western"><surname>Kellum</surname><given-names>JA</given-names></name></person-group><article-title>Clinical review: reunification of acid-base physiology</article-title><source>Crit Care</source><year>2005</year><volume>9</volume><fpage>500</fpage><lpage>7</lpage><pub-id pub-id-type="doi">10.1186/cc3789</pub-id><pub-id pub-id-type="pmid">16277739</pub-id><pub-id pub-id-type="pmcid">PMC1297616</pub-id></element-citation></ref><ref id="CR15"><label>15.</label><element-citation publication-type="journal"><person-group person-group-type="author"><name name-style="western"><surname>Perry</surname><given-names>RJ</given-names></name><name name-style="western"><surname>Shulman</surname><given-names>GI</given-names></name></person-group><article-title>Sodium-glucose cotransporter-2 inhibitors: understanding the mechanisms for therapeutic promise and persisting risks</article-title><source>J Biol Chem</source><year>2020</year><volume>295</volume><fpage>14379</fpage><lpage>90</lpage><pub-id pub-id-type="doi">10.1074/jbc.REV120.008387</pub-id><pub-id pub-id-type="pmid">32796035</pub-id><pub-id pub-id-type="pmcid">PMC7573269</pub-id></element-citation></ref><ref id="CR16"><label>16.</label><element-citation publication-type="journal"><person-group person-group-type="author"><name name-style="western"><surname>Palmer</surname><given-names>BF</given-names></name><name name-style="western"><surname>Clegg</surname><given-names>DJ</given-names></name></person-group><article-title>Euglycemic ketoacidosis as a complication of SGLT2 inhibitor therapy</article-title><source>Clin J Am Soc Nephrol</source><year>2021</year><volume>16</volume><fpage>1284</fpage><lpage>91</lpage><pub-id pub-id-type="doi">10.2215/CJN.17621120</pub-id><pub-id pub-id-type="pmid">33563658</pub-id><pub-id pub-id-type="pmcid">PMC8455044</pub-id></element-citation></ref><ref id="CR17"><label>17.</label><element-citation publication-type="journal"><person-group person-group-type="author"><name name-style="western"><surname>Palmer</surname><given-names>BF</given-names></name><name name-style="western"><surname>Clegg</surname><given-names>DJ</given-names></name></person-group><article-title>Starvation ketosis and the kidney</article-title><source>Am J Nephrol</source><year>2021</year><volume>52</volume><fpage>467</fpage><lpage>78</lpage><pub-id pub-id-type="doi">10.1159/000517305</pub-id><pub-id pub-id-type="pmid">34350876</pub-id></element-citation></ref><ref id="CR18"><label>18.</label><element-citation publication-type="journal"><person-group person-group-type="author"><name name-style="western"><surname>Perry</surname><given-names>RJ</given-names></name><name name-style="western"><surname>Rabin-Court</surname><given-names>A</given-names></name><name name-style="western"><surname>Song</surname><given-names>JD</given-names></name><name name-style="western"><surname>Cardone</surname><given-names>RL</given-names></name><name name-style="western"><surname>Wang</surname><given-names>Y</given-names></name><name name-style="western"><surname>Kibbey</surname><given-names>RG</given-names></name><name name-style="western"><surname>Shulman</surname><given-names>GI</given-names></name></person-group><article-title>Dehydration and insulinopenia are necessary and sufficient for euglycemic ketoacidosis in SGLT2 inhibitor-treated rats</article-title><source>Nat Commun</source><year>2019</year><volume>10</volume><fpage>548</fpage><pub-id pub-id-type="doi">10.1038/s41467-019-08466-w</pub-id><pub-id pub-id-type="pmid">30710078</pub-id><pub-id pub-id-type="pmcid">PMC6358621</pub-id></element-citation></ref><ref id="CR19"><label>19.</label><element-citation publication-type="journal"><person-group person-group-type="author"><name name-style="western"><surname>Burke</surname><given-names>KR</given-names></name><name name-style="western"><surname>Schumacher</surname><given-names>CA</given-names></name><name name-style="western"><surname>Harpe</surname><given-names>SE</given-names></name></person-group><article-title>SGLT2 inhibitors: a systematic review of Diabetic Ketoacidosis and related risk factors in the primary literature</article-title><source>Pharmacotherapy</source><year>2017</year><volume>37</volume><fpage>187</fpage><lpage>94</lpage><pub-id pub-id-type="doi">10.1002/phar.1881</pub-id><pub-id pub-id-type="pmid">27931088</pub-id></element-citation></ref><ref id="CR20"><label>20.</label><mixed-citation publication-type="other">Blau JE, Tella SH, Taylor SI, Rother KI. Ketoacidosis associated with SGLT2 inhibitor treament: Analysis of FAERS data. Diabetes Metab Res Rev2017;33<pub-id pub-id-type="doi" assigning-authority="pmc">10.1002/dmrr.2924</pub-id><pub-id pub-id-type="pmcid">PMC5950709</pub-id><pub-id pub-id-type="pmid">28736981</pub-id></mixed-citation></ref><ref id="CR21"><label>21.</label><element-citation publication-type="journal"><person-group person-group-type="author"><name name-style="western"><surname>Kamel</surname><given-names>KS</given-names></name><name name-style="western"><surname>Halperin</surname><given-names>ML</given-names></name></person-group><article-title>Acid-base problems in diabetic ketoacidosis</article-title><source>N Engl J Med</source><year>2015</year><volume>372</volume><fpage>1969</fpage><lpage>70</lpage><pub-id pub-id-type="doi">10.1056/NEJMra1207788</pub-id><pub-id pub-id-type="pmid">25970063</pub-id></element-citation></ref><ref id="CR22"><label>22.</label><element-citation publication-type="journal"><person-group person-group-type="author"><name name-style="western"><surname>Sampani</surname><given-names>E</given-names></name><name name-style="western"><surname>Sarafidis</surname><given-names>P</given-names></name><name name-style="western"><surname>Dimitriadis</surname><given-names>C</given-names></name><name name-style="western"><surname>Kasimatis</surname><given-names>E</given-names></name><name name-style="western"><surname>Daikidou</surname><given-names>D</given-names></name><name name-style="western"><surname>Bantis</surname><given-names>K</given-names></name><name name-style="western"><surname>Papanikolaou</surname><given-names>A</given-names></name><name name-style="western"><surname>Papagianni</surname><given-names>A</given-names></name></person-group><article-title>Severe euglycemic diabetic ketoacidosis of multifactorial etiology in a type 2 diabetic patient treated with empagliflozin: case report and literature review</article-title><source>BMC Nephrol</source><year>2020</year><volume>21</volume><fpage>276</fpage><pub-id pub-id-type="doi">10.1186/s12882-020-01930-6</pub-id><pub-id pub-id-type="pmid">32669085</pub-id><pub-id pub-id-type="pmcid">PMC7364613</pub-id></element-citation></ref><ref id="CR23"><label>23.</label><element-citation publication-type="journal"><person-group person-group-type="author"><name name-style="western"><surname>Onishi</surname><given-names>A</given-names></name><name name-style="western"><surname>Fu</surname><given-names>Y</given-names></name><name name-style="western"><surname>Patel</surname><given-names>R</given-names></name><name name-style="western"><surname>Darshi</surname><given-names>M</given-names></name><name name-style="western"><surname>Crespo-Masip</surname><given-names>M</given-names></name><name name-style="western"><surname>Huang</surname><given-names>W</given-names></name><name name-style="western"><surname>Song</surname><given-names>P</given-names></name><name name-style="western"><surname>Freeman</surname><given-names>B</given-names></name><name name-style="western"><surname>Kim</surname><given-names>YC</given-names></name><name name-style="western"><surname>Soleimani</surname><given-names>M</given-names></name><name name-style="western"><surname>Sharma</surname><given-names>K</given-names></name><name name-style="western"><surname>Thomson</surname><given-names>SC</given-names></name><name name-style="western"><surname>Vallon</surname><given-names>V</given-names></name></person-group><article-title>A role for tubular Na+/H + exchanger NHE3 in the natriuretic effect of the SGLT2 inhibitor empagliflozin</article-title><source>Am J Physiol Renal Physiol</source><year>2020</year><volume>319</volume><fpage>F712</fpage><lpage>28</lpage><pub-id pub-id-type="doi">10.1152/ajprenal.00264.2020</pub-id><pub-id pub-id-type="pmid">32893663</pub-id><pub-id pub-id-type="pmcid">PMC7642886</pub-id></element-citation></ref><ref id="CR24"><label>24.</label><element-citation publication-type="journal"><person-group person-group-type="author"><name name-style="western"><surname>Vinay</surname><given-names>P</given-names></name><name name-style="western"><surname>Lemieux</surname><given-names>G</given-names></name><name name-style="western"><surname>Cartier</surname><given-names>P</given-names></name><name name-style="western"><surname>Ahmad</surname><given-names>M</given-names></name></person-group><article-title>Effect of fatty acids on renal ammoniagenesis in in vivo and in vitro studies</article-title><source>Am J Physiol</source><year>1976</year><volume>231</volume><fpage>880</fpage><lpage>7</lpage><pub-id pub-id-type="doi">10.1152/ajplegacy.1976.231.3.880</pub-id><pub-id pub-id-type="pmid">970471</pub-id></element-citation></ref><ref id="CR25"><label>25.</label><mixed-citation publication-type="other">Hall JE, Hall ME, Guyton AC. Guyton and Hall textbook of medical physiology. Elsevier; 2021.</mixed-citation></ref><ref id="CR26"><label>26.</label><element-citation publication-type="journal"><person-group person-group-type="author"><name name-style="western"><surname>Goldstein</surname><given-names>L</given-names></name><name name-style="western"><surname>Boylan</surname><given-names>JM</given-names></name><name name-style="western"><surname>Schr&#246;ck</surname><given-names>H</given-names></name></person-group><article-title>Adaptation of renal ammonia production in the diabetic ketoacidotic rat</article-title><source>Kidney Int</source><year>1980</year><volume>17</volume><fpage>57</fpage><lpage>65</lpage><pub-id pub-id-type="doi">10.1038/ki.1980.7</pub-id><pub-id pub-id-type="pmid">6768921</pub-id></element-citation></ref><ref id="CR27"><label>27.</label><element-citation publication-type="journal"><person-group person-group-type="author"><name name-style="western"><surname>Warming-Larsen</surname><given-names>A</given-names></name></person-group><article-title>Renal excretion of ketone bodies</article-title><source>II Acta Med Scand</source><year>1952</year><volume>144</volume><fpage>197</fpage><lpage>200</lpage><pub-id pub-id-type="doi">10.1111/j.0954-6820.1952.tb15684.x</pub-id><pub-id pub-id-type="pmid">13007424</pub-id></element-citation></ref><ref id="CR28"><label>28.</label><element-citation publication-type="journal"><person-group person-group-type="author"><name name-style="western"><surname>Kubera</surname><given-names>B</given-names></name><name name-style="western"><surname>Hubold</surname><given-names>C</given-names></name><name name-style="western"><surname>Wischnath</surname><given-names>H</given-names></name><name name-style="western"><surname>Zug</surname><given-names>S</given-names></name><name name-style="western"><surname>Peters</surname><given-names>A</given-names></name></person-group><article-title>Rise of ketone bodies with psychosocial stress in normal weight men</article-title><source>Psychoneuroendocrinology</source><year>2014</year><volume>45</volume><fpage>43</fpage><lpage>8</lpage><pub-id pub-id-type="doi">10.1016/j.psyneuen.2014.03.008</pub-id><pub-id pub-id-type="pmid">24845175</pub-id></element-citation></ref><ref id="CR29"><label>29.</label><mixed-citation publication-type="other">Arlas N, Vandiver JW. Fanconi syndrome and euglycemic diabetic ketoacidosis secondary to canagliflozin use in a type 2 diabetic. Journal of Clinical and Translational Endocrinology 2022: Case Reports, Volume&#160;23.</mixed-citation></ref><ref id="CR30"><label>30.</label><element-citation publication-type="journal"><person-group person-group-type="author"><name name-style="western"><surname>Esprit</surname><given-names>DH</given-names></name><name name-style="western"><surname>Koratala</surname><given-names>A</given-names></name></person-group><article-title>Fanconi syndrome associated with SGLT2 inhibitor, canagliflozin</article-title><source>Nephrol (Carlton)</source><year>2018</year><volume>23</volume><fpage>493</fpage><pub-id pub-id-type="doi">10.1111/nep.13094</pub-id><pub-id pub-id-type="pmid">29696765</pub-id></element-citation></ref><ref id="CR31"><label>31.</label><element-citation publication-type="journal"><person-group person-group-type="author"><name name-style="western"><surname>Khan</surname><given-names>N</given-names></name><name name-style="western"><surname>Tso</surname><given-names>K</given-names></name><name name-style="western"><surname>Broussard</surname><given-names>J</given-names></name><name name-style="western"><surname>Dziuba</surname><given-names>M</given-names></name></person-group><article-title>Canagliflozin-induced Fanconi syndrome in a patient with previously unrecognized type 1 diabetes</article-title><source>Am J Health Sys Pharm</source><year>2019</year><volume>76</volume><fpage>1930</fpage><lpage>3</lpage><pub-id pub-id-type="doi">10.1093/ajhp/zxz226</pub-id><pub-id pub-id-type="pmid">31724039</pub-id></element-citation></ref><ref id="CR32"><label>32.</label><mixed-citation publication-type="other">Koufakis T, Mustafa OG, Ajjan RA, Garcia-Moll X, Zebekakis P, et al. The use of sodium-glucose co-transporter 2 inhibitors in the inpatient setting: is the risk worth taking? J Clin Pharm Ther. 2020 Oct;45(5):883&#8211;91.<pub-id pub-id-type="doi" assigning-authority="pmc">10.1111/jcpt.13107</pub-id><pub-id pub-id-type="pmid">31905245</pub-id></mixed-citation></ref><ref id="CR33"><label>33.</label><mixed-citation publication-type="other">Khunti K, Aroda VR, Bhatt DL, Bozkurt B, Buse JB, et al. Re-examining the widespread policy of stopping sodium-glucose cotransporter-2 inhibitors during acute illness: a perspective based on the updated evidence. Diabetes Obes Metab. 2022 Nov;24(11):2071&#8211;80.<pub-id pub-id-type="doi" assigning-authority="pmc">10.1111/dom.14805</pub-id><pub-id pub-id-type="pmid">35801339</pub-id></mixed-citation></ref></ref-list></back></article></pmc-articleset>