<!DOCTYPE article PUBLIC "-//NLM//DTD JATS (Z39.96) Journal Archiving and Interchange DTD with MathML3 v1.3 20210610//EN" "JATS-archivearticle1-3-mathml3.dtd"> 
<article xmlns:ali="http://www.niso.org/schemas/ali/1.0/" xmlns:mml="http://www.w3.org/1998/Math/MathML" xmlns:xlink="http://www.w3.org/1999/xlink" article-type="correction" dtd-version="1.3"><?properties open_access?><?DTDIdentifier.IdentifierValue -//Springer-Verlag//DTD A++ V2.4//EN?><?DTDIdentifier.IdentifierType public?><?SourceDTD.DTDName A++V2.4.dtd?><?SourceDTD.Version 2.4?><?ConverterInfo.XSLTName springer2nlmx2.xsl?><?ConverterInfo.Version 1?><processing-meta base-tagset="archiving" mathml-version="3.0" table-model="xhtml" tagset-family="jats"><restricted-by>pmc</restricted-by></processing-meta><front><journal-meta><journal-id journal-id-type="nlm-ta">BMC Endocr Disord</journal-id><journal-id journal-id-type="iso-abbrev">BMC Endocr Disord</journal-id><journal-title-group><journal-title>BMC Endocrine Disorders</journal-title></journal-title-group><issn pub-type="epub">1472-6823</issn><publisher><publisher-name>BioMed Central</publisher-name><publisher-loc>London</publisher-loc></publisher></journal-meta><article-meta><article-id pub-id-type="pmcid">10464289</article-id><article-id pub-id-type="pmid">37641105</article-id><article-id pub-id-type="publisher-id">1436</article-id><article-id pub-id-type="doi">10.1186/s12902-023-01436-w</article-id><article-categories><subj-group subj-group-type="heading"><subject>Correction</subject></subj-group></article-categories><title-group><article-title>Correction: Empagliflozin-associated postoperative mixed metabolic acidosis. Case report and review of pathogenesis</article-title></title-group><contrib-group><contrib contrib-type="author" corresp="yes"><name><surname>Sitina</surname><given-names>Michal</given-names></name><address><email>sitinmic@gmail.com</email></address><xref ref-type="aff" rid="Aff1">1</xref><xref ref-type="aff" rid="Aff2">2</xref><xref ref-type="aff" rid="Aff3">3</xref></contrib><contrib contrib-type="author"><name><surname>Lukes</surname><given-names>Marek</given-names></name><xref ref-type="aff" rid="Aff1">1</xref><xref ref-type="aff" rid="Aff3">3</xref></contrib><contrib contrib-type="author"><name><surname>Sramek</surname><given-names>Vladimir</given-names></name><xref ref-type="aff" rid="Aff1">1</xref><xref ref-type="aff" rid="Aff3">3</xref></contrib><aff id="Aff1"><label>1</label><institution-wrap><institution-id institution-id-type="GRID">grid.412752.7</institution-id><institution-id institution-id-type="ISNI">0000 0004 0608 7557</institution-id><institution>Department of anesthesiology and intensive care medicine, </institution><institution>St. Anne&#x000b4;s University Hospital, </institution></institution-wrap>Pekarska 664/53, Brno, 656 91 Czech Republic </aff><aff id="Aff2"><label>2</label><institution-wrap><institution-id institution-id-type="GRID">grid.412752.7</institution-id><institution-id institution-id-type="ISNI">0000 0004 0608 7557</institution-id><institution>Department of Biostatistics, International Clinical Research Center, </institution><institution>St. Anne&#x000b4;s University Hospital, </institution></institution-wrap>Pekarska 664/53, Brno, 656 91 Czech Republic </aff><aff id="Aff3"><label>3</label><institution-wrap><institution-id institution-id-type="ROR">https://ror.org/02j46qs45</institution-id><institution-id institution-id-type="GRID">grid.10267.32</institution-id><institution-id institution-id-type="ISNI">0000 0001 2194 0956</institution-id><institution>Faculty of Medicine, </institution><institution>Masaryk University, </institution></institution-wrap>Kamenice 5, Brno, 625 00 Czech Republic </aff></contrib-group><pub-date pub-type="epub"><day>28</day><month>8</month><year>2023</year></pub-date><pub-date pub-type="pmc-release"><day>28</day><month>8</month><year>2023</year></pub-date><pub-date pub-type="collection"><year>2023</year></pub-date><volume>23</volume><elocation-id>183</elocation-id><permissions><copyright-statement>&#x000a9; The Author(s) 2023</copyright-statement><license><ali:license_ref specific-use="textmining" content-type="ccbylicense">https://creativecommons.org/licenses/by/4.0/</ali:license_ref><license-p><bold>Open Access</bold> This article is licensed under a Creative Commons Attribution 4.0 International License, which permits use, sharing, adaptation, distribution and reproduction in any medium or format, as long as you give appropriate credit to the original author(s) and the source, provide a link to the Creative Commons licence, and indicate if changes were made. The images or other third party material in this article are included in the article&#x02019;s Creative Commons licence, unless indicated otherwise in a credit line to the material. If material is not included in the article&#x02019;s Creative Commons licence and your intended use is not permitted by statutory regulation or exceeds the permitted use, you will need to obtain permission directly from the copyright holder. To view a copy of this licence, visit <ext-link ext-link-type="uri" xlink:href="https://creativecommons.org/licenses/by/4.0/">http://creativecommons.org/licenses/by/4.0/</ext-link>. The Creative Commons Public Domain Dedication waiver (<ext-link ext-link-type="uri" xlink:href="https://creativecommons.org/publicdomain/zero/1.0/">http://creativecommons.org/publicdomain/zero/1.0/</ext-link>) applies to the data made available in this article, unless otherwise stated in a credit line to the data.</license-p></license></permissions><related-article related-article-type="corrected-article" ext-link-type="doi" xlink:href="10.1186/s12902-023-01339-w" id="d32e50"/><custom-meta-group><custom-meta><meta-name>issue-copyright-statement</meta-name><meta-value>&#x000a9; BioMed Central Ltd., part of Springer Nature 2023</meta-value></custom-meta></custom-meta-group></article-meta></front><body><p id="Par6">
<bold>Correction: BMC Endocr Disord 23, 81 (2023).</bold>
</p><p>
10.1186/s12902-023-01339-w
</p><p id="Par7">Following publication of the original article [<xref ref-type="bibr" rid="CR1">1</xref>], the authors reported that the funding information was mistakenly missed in the manuscript.</p><p id="Par8">
The correct funding statement should be:</p><p id="Par9">
The study was supported by the European Regional Development Fund - Project ENOCH (No. CZ.02.1.01/0.0/0.0/16_019/0000868).</p><p id="Par10">The original article [<xref ref-type="bibr" rid="CR1">1</xref>] has been updated.</p></body><back><fn-group><fn><p>The online version of the original article can be found at 10.1186/s12902-023-01339-w.</p></fn><fn><p><bold>Publisher&#x02019;s Note</bold></p><p>Springer Nature remains neutral with regard to jurisdictional claims in published maps and institutional affiliations.</p></fn></fn-group><ref-list id="Bib1"><title>References</title><ref id="CR1"><label>1.</label><element-citation publication-type="journal"><person-group person-group-type="author"><name><surname>Sitina</surname><given-names>M</given-names></name><name><surname>Lukes</surname><given-names>M</given-names></name><name><surname>Sramek</surname><given-names>V</given-names></name></person-group><article-title>Empagliflozin-associated postoperative mixed metabolic acidosis. Case report and review of pathogenesis</article-title><source>BMC Endocr Disord</source><year>2023</year><volume>23</volume><fpage>81</fpage><pub-id pub-id-type="doi">10.1186/s12902-023-01339-w</pub-id><?supplied-pmid 37060078?><pub-id pub-id-type="pmid">37060078</pub-id></element-citation></ref></ref-list></back></article>