<?xml version="1.0"  ?><!DOCTYPE pmc-articleset PUBLIC "-//NLM//DTD ARTICLE SET 2.0//EN" "https://dtd.nlm.nih.gov/ncbi/pmc/articleset/nlm-articleset-2.0.dtd"><pmc-articleset><article xmlns:mml="http://www.w3.org/1998/Math/MathML" xmlns:ali="http://www.niso.org/schemas/ali/1.0/" article-type="correction" xml:lang="en" dtd-version="1.4"><processing-meta base-tagset="archiving" mathml-version="3.0" table-model="xhtml" tagset-family="jats"><restricted-by>pmc</restricted-by></processing-meta><front><journal-meta><journal-id journal-id-type="nlm-ta">BMC Endocr Disord</journal-id><journal-id journal-id-type="iso-abbrev">BMC Endocr Disord</journal-id><journal-id journal-id-type="pmc-domain-id">27</journal-id><journal-id journal-id-type="pmc-domain">bmcendi</journal-id><journal-title-group><journal-title>BMC Endocrine Disorders</journal-title></journal-title-group><issn pub-type="epub">1472-6823</issn><publisher><publisher-name>BMC</publisher-name></publisher></journal-meta><article-meta><article-id pub-id-type="pmcid">PMC10464289</article-id><article-id pub-id-type="pmcid-ver">PMC10464289.1</article-id><article-id pub-id-type="pmcaid">10464289</article-id><article-id pub-id-type="pmcaiid">10464289</article-id><article-id pub-id-type="pmid">37641105</article-id><article-id pub-id-type="doi">10.1186/s12902-023-01436-w</article-id><article-id pub-id-type="publisher-id">1436</article-id><article-version article-version-type="pmc-version">1</article-version><article-categories><subj-group subj-group-type="heading"><subject>Correction</subject></subj-group></article-categories><title-group><article-title>Correction: Empagliflozin-associated postoperative mixed metabolic acidosis. Case report and review of pathogenesis</article-title></title-group><contrib-group><contrib contrib-type="author" corresp="yes"><name name-style="western"><surname>Sitina</surname><given-names initials="M">Michal</given-names></name><address><email>sitinmic@gmail.com</email></address><xref ref-type="aff" rid="Aff1">1</xref><xref ref-type="aff" rid="Aff2">2</xref><xref ref-type="aff" rid="Aff3">3</xref></contrib><contrib contrib-type="author"><name name-style="western"><surname>Lukes</surname><given-names initials="M">Marek</given-names></name><xref ref-type="aff" rid="Aff1">1</xref><xref ref-type="aff" rid="Aff3">3</xref></contrib><contrib contrib-type="author"><name name-style="western"><surname>Sramek</surname><given-names initials="V">Vladimir</given-names></name><xref ref-type="aff" rid="Aff1">1</xref><xref ref-type="aff" rid="Aff3">3</xref></contrib><aff id="Aff1"><label>1</label><institution-wrap><institution-id institution-id-type="GRID">grid.412752.7</institution-id><institution-id institution-id-type="ISNI">0000 0004 0608 7557</institution-id><institution>Department of anesthesiology and intensive care medicine, </institution><institution>St. Anne&#180;s University Hospital, </institution></institution-wrap>Pekarska 664/53, Brno, 656 91 Czech Republic </aff><aff id="Aff2"><label>2</label><institution-wrap><institution-id institution-id-type="GRID">grid.412752.7</institution-id><institution-id institution-id-type="ISNI">0000 0004 0608 7557</institution-id><institution>Department of Biostatistics, International Clinical Research Center, </institution><institution>St. Anne&#180;s University Hospital, </institution></institution-wrap>Pekarska 664/53, Brno, 656 91 Czech Republic </aff><aff id="Aff3"><label>3</label><institution-wrap><institution-id institution-id-type="ROR">https://ror.org/02j46qs45</institution-id><institution-id institution-id-type="GRID">grid.10267.32</institution-id><institution-id institution-id-type="ISNI">0000 0001 2194 0956</institution-id><institution>Faculty of Medicine, </institution><institution>Masaryk University, </institution></institution-wrap>Kamenice 5, Brno, 625 00 Czech Republic </aff></contrib-group><pub-date pub-type="epub"><day>28</day><month>8</month><year>2023</year></pub-date><pub-date pub-type="collection"><year>2023</year></pub-date><volume>23</volume><issue-id pub-id-type="pmc-issue-id">425139</issue-id><elocation-id>183</elocation-id><pub-history><event event-type="pmc-release"><date><day>28</day><month>08</month><year>2023</year></date></event><event event-type="pmc-live"><date><day>30</day><month>08</month><year>2023</year></date></event><event event-type="pmc-last-change"><date iso-8601-date="2024-02-11 22:25:10.350"><day>11</day><month>02</month><year>2024</year></date></event></pub-history><permissions><copyright-statement>&#169; The Author(s) 2023</copyright-statement><license><ali:license_ref specific-use="textmining" content-type="ccbylicense">https://creativecommons.org/licenses/by/4.0/</ali:license_ref><license-p><bold>Open Access</bold> This article is licensed under a Creative Commons Attribution 4.0 International License, which permits use, sharing, adaptation, distribution and reproduction in any medium or format, as long as you give appropriate credit to the original author(s) and the source, provide a link to the Creative Commons licence, and indicate if changes were made. The images or other third party material in this article are included in the article&#8217;s Creative Commons licence, unless indicated otherwise in a credit line to the material. If material is not included in the article&#8217;s Creative Commons licence and your intended use is not permitted by statutory regulation or exceeds the permitted use, you will need to obtain permission directly from the copyright holder. To view a copy of this licence, visit <ext-link xmlns:xlink="http://www.w3.org/1999/xlink" ext-link-type="uri" xlink:href="https://creativecommons.org/licenses/by/4.0/">http://creativecommons.org/licenses/by/4.0/</ext-link>. The Creative Commons Public Domain Dedication waiver (<ext-link xmlns:xlink="http://www.w3.org/1999/xlink" ext-link-type="uri" xlink:href="https://creativecommons.org/publicdomain/zero/1.0/">http://creativecommons.org/publicdomain/zero/1.0/</ext-link>) applies to the data made available in this article, unless otherwise stated in a credit line to the data.</license-p></license></permissions><self-uri xmlns:xlink="http://www.w3.org/1999/xlink" content-type="pmc-pdf" xlink:href="12902_2023_Article_1436.pdf"/><related-article xmlns:xlink="http://www.w3.org/1999/xlink" related-article-type="corrected-article" xml:lang="en" xlink:title="case-report" journal-id="BMC Endocr Disord" journal-id-type="nlm-ta" ext-link-type="pmc" xlink:href="PMC10103020"><article-title>Empagliflozin-associated postoperative mixed metabolic acidosis. Case report and review of pathogenesis</article-title><volume>23</volume><date><day>14</day><month>4</month><year>2023</year></date><elocation-id>81</elocation-id><source>BMC Endocrine Disorders</source><pub-id pub-id-type="doi">10.1186/s12902-023-01339-w</pub-id><pub-id pub-id-type="pmcid">PMC10103020</pub-id><pub-id pub-id-type="pmid">37060078</pub-id></related-article><custom-meta-group><custom-meta><meta-name>pmc-status-qastatus</meta-name><meta-value>0</meta-value></custom-meta><custom-meta><meta-name>pmc-status-live</meta-name><meta-value>yes</meta-value></custom-meta><custom-meta><meta-name>pmc-status-embargo</meta-name><meta-value>no</meta-value></custom-meta><custom-meta><meta-name>pmc-status-released</meta-name><meta-value>yes</meta-value></custom-meta><custom-meta><meta-name>pmc-prop-open-access</meta-name><meta-value>yes</meta-value></custom-meta><custom-meta><meta-name>pmc-prop-olf</meta-name><meta-value>no</meta-value></custom-meta><custom-meta><meta-name>pmc-prop-manuscript</meta-name><meta-value>no</meta-value></custom-meta><custom-meta><meta-name>pmc-prop-legally-suppressed</meta-name><meta-value>no</meta-value></custom-meta><custom-meta><meta-name>pmc-prop-has-pdf</meta-name><meta-value>yes</meta-value></custom-meta><custom-meta><meta-name>pmc-prop-has-supplement</meta-name><meta-value>no</meta-value></custom-meta><custom-meta><meta-name>pmc-prop-pdf-only</meta-name><meta-value>no</meta-value></custom-meta><custom-meta><meta-name>pmc-prop-suppress-copyright</meta-name><meta-value>no</meta-value></custom-meta><custom-meta><meta-name>pmc-prop-is-real-version</meta-name><meta-value>no</meta-value></custom-meta><custom-meta><meta-name>pmc-prop-is-scanned-article</meta-name><meta-value>no</meta-value></custom-meta><custom-meta><meta-name>pmc-prop-preprint</meta-name><meta-value>no</meta-value></custom-meta><custom-meta><meta-name>pmc-prop-in-epmc</meta-name><meta-value>yes</meta-value></custom-meta><custom-meta><meta-name>pmc-license-ref</meta-name><meta-value>CC BY</meta-value></custom-meta><custom-meta><meta-name>issue-copyright-statement</meta-name><meta-value>&#169; BioMed Central Ltd., part of Springer Nature 2023</meta-value></custom-meta></custom-meta-group></article-meta></front><body><p id="Par6">
<bold>Correction: BMC Endocr Disord 23, 81 (2023).</bold>
</p><p>
10.1186/s12902-023-01339-w
</p><p id="Par7">Following publication of the original article [<xref ref-type="bibr" rid="CR1">1</xref>], the authors reported that the funding information was mistakenly missed in the manuscript.</p><p id="Par8">
The correct funding statement should be:</p><p id="Par9">
The study was supported by the European Regional Development Fund - Project ENOCH (No. CZ.02.1.01/0.0/0.0/16_019/0000868).</p><p id="Par10">The original article [<xref ref-type="bibr" rid="CR1">1</xref>] has been updated.</p></body><back><fn-group><fn><p>The online version of the original article can be found at 10.1186/s12902-023-01339-w.</p></fn><fn><p><bold>Publisher&#8217;s Note</bold></p><p>Springer Nature remains neutral with regard to jurisdictional claims in published maps and institutional affiliations.</p></fn></fn-group><ref-list id="Bib1"><title>References</title><ref id="CR1"><label>1.</label><element-citation publication-type="journal"><person-group person-group-type="author"><name name-style="western"><surname>Sitina</surname><given-names>M</given-names></name><name name-style="western"><surname>Lukes</surname><given-names>M</given-names></name><name name-style="western"><surname>Sramek</surname><given-names>V</given-names></name></person-group><article-title>Empagliflozin-associated postoperative mixed metabolic acidosis. Case report and review of pathogenesis</article-title><source>BMC Endocr Disord</source><year>2023</year><volume>23</volume><fpage>81</fpage><pub-id pub-id-type="doi">10.1186/s12902-023-01339-w</pub-id><pub-id pub-id-type="pmid">37060078</pub-id><pub-id pub-id-type="pmcid">PMC10103020</pub-id></element-citation></ref></ref-list></back></article></pmc-articleset>