<?xml version="1.0"  ?><!DOCTYPE pmc-articleset PUBLIC "-//NLM//DTD ARTICLE SET 2.0//EN" "https://dtd.nlm.nih.gov/ncbi/pmc/articleset/nlm-articleset-2.0.dtd"><pmc-articleset><article xmlns:mml="http://www.w3.org/1998/Math/MathML" xmlns:ali="http://www.niso.org/schemas/ali/1.0/" article-type="news" xml:lang="en" dtd-version="1.4"><processing-meta base-tagset="archiving" mathml-version="3.0" table-model="xhtml" tagset-family="jats"><restricted-by>pmc</restricted-by></processing-meta><front><journal-meta><journal-id journal-id-type="iso-abbrev">Reactions Weekly</journal-id><journal-id journal-id-type="pmc-domain-id">3814</journal-id><journal-id journal-id-type="pmc-domain">phenaturepg</journal-id><journal-title-group><journal-title>Reactions Weekly</journal-title></journal-title-group><issn pub-type="ppub">0114-9954</issn><issn pub-type="epub">1179-2051</issn><custom-meta-group><custom-meta><meta-name>pmc-is-collection-domain</meta-name><meta-value>yes</meta-value></custom-meta><custom-meta><meta-name>pmc-collection-title</meta-name><meta-value>Springer Nature - PMC COVID-19 Collection</meta-value></custom-meta></custom-meta-group></journal-meta><article-meta><article-id pub-id-type="pmcid">PMC8642236</article-id><article-id pub-id-type="pmcid-ver">PMC8642236.1</article-id><article-id pub-id-type="pmcaid">8642236</article-id><article-id pub-id-type="pmcaiid">8642236</article-id><article-id pub-id-type="doi">10.1007/s40278-021-06714-2</article-id><article-id pub-id-type="publisher-id">6714</article-id><article-version article-version-type="pmc-version">1</article-version><article-categories><subj-group subj-group-type="heading"><subject>Case Report</subject></subj-group></article-categories><title-group><article-title>Sodium chloride</article-title><subtitle>Metabolic acidosis: case report</subtitle></title-group><pub-date pub-type="epub"><day>4</day><month>12</month><year>2021</year></pub-date><pub-date pub-type="ppub"><year>2021</year></pub-date><volume>1884</volume><issue>1</issue><issue-id pub-id-type="pmc-issue-id">394972</issue-id><fpage>393</fpage><lpage>393</lpage><pub-history><event event-type="pmc-release"><date><day>04</day><month>12</month><year>2021</year></date></event><event event-type="pmc-live"><date><day>06</day><month>12</month><year>2021</year></date></event><event event-type="pmc-last-change"><date iso-8601-date="2021-12-07 00:16:42.717"><day>07</day><month>12</month><year>2021</year></date></event></pub-history><permissions><copyright-statement>&#169; Springer International Publishing AG 2021</copyright-statement><license><license-p>This article is made available via the PMC Open Access Subset for unrestricted research re-use and secondary analysis in any form or by any means with acknowledgement of the original source. These permissions are granted for the duration of the World Health Organization (WHO) declaration of COVID-19 as a global pandemic.</license-p></license></permissions><self-uri xmlns:xlink="http://www.w3.org/1999/xlink" content-type="pmc-pdf" xlink:href="40278_2021_Article_6714.pdf"/><custom-meta-group><custom-meta><meta-name>pmc-status-qastatus</meta-name><meta-value>0</meta-value></custom-meta><custom-meta><meta-name>pmc-status-live</meta-name><meta-value>yes</meta-value></custom-meta><custom-meta><meta-name>pmc-status-embargo</meta-name><meta-value>no</meta-value></custom-meta><custom-meta><meta-name>pmc-status-released</meta-name><meta-value>yes</meta-value></custom-meta><custom-meta><meta-name>pmc-prop-open-access</meta-name><meta-value>yes</meta-value></custom-meta><custom-meta><meta-name>pmc-prop-olf</meta-name><meta-value>no</meta-value></custom-meta><custom-meta><meta-name>pmc-prop-manuscript</meta-name><meta-value>no</meta-value></custom-meta><custom-meta><meta-name>pmc-prop-legally-suppressed</meta-name><meta-value>no</meta-value></custom-meta><custom-meta><meta-name>pmc-prop-has-pdf</meta-name><meta-value>yes</meta-value></custom-meta><custom-meta><meta-name>pmc-prop-has-supplement</meta-name><meta-value>no</meta-value></custom-meta><custom-meta><meta-name>pmc-prop-pdf-only</meta-name><meta-value>no</meta-value></custom-meta><custom-meta><meta-name>pmc-prop-suppress-copyright</meta-name><meta-value>no</meta-value></custom-meta><custom-meta><meta-name>pmc-prop-is-real-version</meta-name><meta-value>no</meta-value></custom-meta><custom-meta><meta-name>pmc-prop-is-scanned-article</meta-name><meta-value>no</meta-value></custom-meta><custom-meta><meta-name>pmc-prop-preprint</meta-name><meta-value>no</meta-value></custom-meta><custom-meta><meta-name>pmc-prop-in-epmc</meta-name><meta-value>yes</meta-value></custom-meta><custom-meta><meta-name>issue-copyright-statement</meta-name><meta-value>&#169; Springer Nature Switzerland AG 2021</meta-value></custom-meta></custom-meta-group></article-meta></front><body><p>
<bold>Author Information</bold>
<list list-type="bullet"><title>An event is serious (based on the ICH definition) when the patient outcome is:</title><list-item><p>* death</p></list-item><list-item><p>* life-threatening</p></list-item><list-item><p>* hospitalisation</p></list-item><list-item><p>* disability</p></list-item><list-item><p>* congenital anomaly</p></list-item><list-item><p>* other medically important event</p></list-item></list></p><p>A 19-year-old woman developed metabolic acidosis following treatment with sodium chloride during pregnancy.</p><p>The G2P1001 woman, who had obesity and prior gestational hypertension, presented at 33&#160;weeks of gestation at an institution with confusion for 1&#160;day. She reported chest pain, dyspnoea, tachypnoea and reduced appetite with associated nausea and vomiting. She was initiated on sodium chloride [normal saline] infusions [<italic toggle="yes">dosage and indication not stated</italic>]. Brain CT showed bilateral thalamic hypodensities. She was transferred to another institution. Upon admission, she was awake but globally aphasic. She had a right homonymous hemianopsia, left gaze preference, and reduced movement of the right upper extremity. Laboratory investigation revealed metabolic acidosis. The metabolic acidosis was attributed to sodium chloride and underlying severe starvation ketosis.</p><p>The woman was treated with bicarbonate infusions and isotonic fluid. Thereafter, her metabolic acidosis resolved. SARS-CoV-2 PCR was performed and was found to be positive. She was initiated on high-dose thiamine for a presumptive diagnosis of Wernicke's encephalopathy. Fetal heart tones were found to be non-reassuring. She required intubation due to respiratory distress. Post-intubation, fetal heart tones became prolonged with recurrent late decelerations. She underwent emergent bedside cesarean section. The neonate [<italic toggle="yes">neonate gender not stated</italic>] was intubated and transferred to the neonatal ICU. Subsequently, the woman was diagnosed with acute necrotizing encephalopathy (ANE) secondary to COVID-19. She was treated with methylprednisolone and prednisone for ANE. Her condition improved and she was extubated. She was discharged to an acute rehabilitation facility. The infant was also ultimately discharged home in healthy condition.</p></body><back><ref-list id="Bib1"><title>Reference</title><ref id="CR1"><mixed-citation publication-type="other">Breit H, et al. Acute necrotizing encephalopathy due to SARS-CoV-2 in a pregnant female. Neurological Sciences 42: 3991-3994, No. 10, 2021. Available from: URL: 
<pub-id pub-id-type="doi">10.1007/s10072-021-05518-2</pub-id><pub-id pub-id-type="pmcid">PMC8319690</pub-id><pub-id pub-id-type="pmid">34324121</pub-id></mixed-citation></ref></ref-list></back></article></pmc-articleset>